[{
        "petname": "vinay",
        "petage": "3",
        "petweigth": "45",
        "pettype": "german shephard",
        "petlikes": "cold drink"
    },
    {
        "petname": "vishal",
        "petage": "5",
        "petweigth": "20",
        "pettype": "bull dog",
        "petlikes": "chicken"
    },
    {
        "petname": "vihaan",
        "petage": "5",
        "petweigth": "15",
        "pettype": "pomeranian",
        "petlikes": "cat"
    },
    {
        "petname": "vinni",
        "petage": "1",
        "petweigth": "5",
        "pettype": "libra",
        "petlikes": "mutton"
    }
]